crop_name,date,price
rice,2025-07-17,8564.0
rice,2025-07-18,8451.0
rice,2025-07-19,8633.0
rice,2025-07-20,8704.0
rice,2025-07-21,8653.0
rice,2025-07-22,8806.0
rice,2025-07-23,8608.0
rice,2025-07-24,8595.0
rice,2025-07-25,8575.0
rice,2025-07-26,8879.0
rice,2025-07-27,8831.0
rice,2025-07-28,8792.0
rice,2025-07-29,8842.0
rice,2025-07-30,8742.0
rice,2025-07-31,9063.0
rice,2025-08-01,8882.0
rice,2025-08-02,8894.0
rice,2025-08-03,8959.0
rice,2025-08-04,8948.0
rice,2025-08-05,8935.0
rice,2025-08-06,8855.0
rice,2025-08-07,8967.0
rice,2025-08-08,9089.0
rice,2025-08-09,9043.0
rice,2025-08-10,9062.0
rice,2025-08-11,8880.0
rice,2025-08-12,8833.0
rice,2025-08-13,8898.0
rice,2025-08-14,8904.0
rice,2025-08-15,8980.0
rice,2025-08-16,8730.0
rice,2025-08-17,8988.0
rice,2025-08-18,8827.0
rice,2025-08-19,8786.0
rice,2025-08-20,8715.0
rice,2025-08-21,8639.0
rice,2025-08-22,8826.0
rice,2025-08-23,8738.0
rice,2025-08-24,8597.0
rice,2025-08-25,8570.0
rice,2025-08-26,8624.0
rice,2025-08-27,8766.0
rice,2025-08-28,8574.0
rice,2025-08-29,8439.0
rice,2025-08-30,8517.0
rice,2025-08-31,8485.0
rice,2025-09-01,8249.0
rice,2025-09-02,8445.0
rice,2025-09-03,8401.0
rice,2025-09-04,8451.0
rice,2025-09-05,8521.0
rice,2025-09-06,8432.0
rice,2025-09-07,8287.0
rice,2025-09-08,8190.0
rice,2025-09-09,8479.0
rice,2025-09-10,8242.0
rice,2025-09-11,8216.0
rice,2025-09-12,8192.0
rice,2025-09-13,8192.0
rice,2025-09-14,8146.0
rice,2025-09-15,8094.0
rice,2025-09-16,8083.0
rice,2025-09-17,8114.0
rice,2025-09-18,8061.0
rice,2025-09-19,8039.0
rice,2025-09-20,8102.0
rice,2025-09-21,8068.0
rice,2025-09-22,8215.0
rice,2025-09-23,7862.0
rice,2025-09-24,8183.0
rice,2025-09-25,8200.0
rice,2025-09-26,7924.0
rice,2025-09-27,8080.0
rice,2025-09-28,8088.0
rice,2025-09-29,8012.0
rice,2025-09-30,8079.0
rice,2025-10-01,8067.0
rice,2025-10-02,8328.0
rice,2025-10-03,8278.0
rice,2025-10-04,8327.0
rice,2025-10-05,8303.0
rice,2025-10-06,8169.0
rice,2025-10-07,8245.0
rice,2025-10-08,8357.0
rice,2025-10-09,8238.0
rice,2025-10-10,8431.0
rice,2025-10-11,8378.0
rice,2025-10-12,8396.0
rice,2025-10-13,8517.0
rice,2025-10-14,8524.0
rice,2025-10-15,8486.0
rice,2025-10-16,8645.0
rice,2025-10-17,8484.0
rice,2025-10-18,8658.0
rice,2025-10-19,8685.0
rice,2025-10-20,8636.0
rice,2025-10-21,8718.0
rice,2025-10-22,8611.0
rice,2025-10-23,8821.0
rice,2025-10-24,8752.0
rice,2025-10-25,8747.0
rice,2025-10-26,8903.0
rice,2025-10-27,8774.0
rice,2025-10-28,8734.0
rice,2025-10-29,8739.0
rice,2025-10-30,8939.0
rice,2025-10-31,8792.0
rice,2025-11-01,9063.0
rice,2025-11-02,8747.0
rice,2025-11-03,9076.0
rice,2025-11-04,8956.0
rice,2025-11-05,8935.0
rice,2025-11-06,8899.0
rice,2025-11-07,8979.0
rice,2025-11-08,8940.0
rice,2025-11-09,9033.0
rice,2025-11-10,8943.0
rice,2025-11-11,8938.0
rice,2025-11-12,8884.0
rice,2025-11-13,8899.0
rice,2025-11-14,8916.0
rice,2025-11-15,8729.0
rice,2025-11-16,8742.0
rice,2025-11-17,8901.0
rice,2025-11-18,8832.0
rice,2025-11-19,8780.0
rice,2025-11-20,8774.0
rice,2025-11-21,8778.0
rice,2025-11-22,8677.0
rice,2025-11-23,8630.0
rice,2025-11-24,8686.0
rice,2025-11-25,8558.0
rice,2025-11-26,8647.0
rice,2025-11-27,8438.0
rice,2025-11-28,8641.0
rice,2025-11-29,8565.0
rice,2025-11-30,8517.0
rice,2025-12-01,8549.0
rice,2025-12-02,8578.0
rice,2025-12-03,8494.0
rice,2025-12-04,8223.0
rice,2025-12-05,8244.0
rice,2025-12-06,8273.0
rice,2025-12-07,8303.0
rice,2025-12-08,8320.0
rice,2025-12-09,8191.0
rice,2025-12-10,8247.0
rice,2025-12-11,8147.0
rice,2025-12-12,8140.0
rice,2025-12-13,8055.0
rice,2025-12-14,8081.0
rice,2025-12-15,8030.0
rice,2025-12-16,8050.0
rice,2025-12-17,8213.0
rice,2025-12-18,8035.0
rice,2025-12-19,8333.0
rice,2025-12-20,8147.0
rice,2025-12-21,8119.0
rice,2025-12-22,8031.0
rice,2025-12-23,8166.0
rice,2025-12-24,8061.0
rice,2025-12-25,8127.0
rice,2025-12-26,8343.0
rice,2025-12-27,8127.0
rice,2025-12-28,8245.0
rice,2025-12-29,8102.0
rice,2025-12-30,8175.0
rice,2025-12-31,8346.0
rice,2026-01-01,8161.0
rice,2026-01-02,8389.0
rice,2026-01-03,8318.0
rice,2026-01-04,8233.0
rice,2026-01-05,8360.0
rice,2026-01-06,8414.0
rice,2026-01-07,8411.0
rice,2026-01-08,8253.0
rice,2026-01-09,8353.0
rice,2026-01-10,8423.0
rice,2026-01-11,8467.0
rice,2026-01-12,8555.0
rice,2026-01-13,8548.0
rice,2026-01-14,8449.0
rice,2026-01-15,8624.0
rice,2026-01-16,8673.0
rice,2026-01-17,8698.0
rice,2026-01-18,8771.0
rice,2026-01-19,8777.0
rice,2026-01-20,8772.0
rice,2026-01-21,8753.0
rice,2026-01-22,8643.0
rice,2026-01-23,8844.0
rice,2026-01-24,8847.0
rice,2026-01-25,8874.0
rice,2026-01-26,8761.0
rice,2026-01-27,8796.0
rice,2026-01-28,8993.0
rice,2026-01-29,8914.0
rice,2026-01-30,8988.0
rice,2026-01-31,8942.0
rice,2026-02-01,8951.0
rice,2026-02-02,9034.0
rice,2026-02-03,8915.0
rice,2026-02-04,8969.0
rice,2026-02-05,8922.0
rice,2026-02-06,8923.0
rice,2026-02-07,8929.0
rice,2026-02-08,8969.0
rice,2026-02-09,8901.0
rice,2026-02-10,9038.0
rice,2026-02-11,8844.0
rice,2026-02-12,8890.0
rice,2026-02-13,8853.0
rice,2026-02-14,8996.0
rice,2026-02-15,8871.0
rice,2026-02-16,8922.0
rice,2026-02-17,8686.0
rice,2026-02-18,8812.0
rice,2026-02-19,8840.0
rice,2026-02-20,8746.0
rice,2026-02-21,8803.0
rice,2026-02-22,8641.0
rice,2026-02-23,8777.0
rice,2026-02-24,8824.0
rice,2026-02-25,8569.0
rice,2026-02-26,8532.0
rice,2026-02-27,8664.0
rice,2026-02-28,8646.0
rice,2026-03-01,8437.0
rice,2026-03-02,8417.0
rice,2026-03-03,8400.0
rice,2026-03-04,8282.0
rice,2026-03-05,8291.0
rice,2026-03-06,8257.0
rice,2026-03-07,8252.0
rice,2026-03-08,8290.0
rice,2026-03-09,8289.0
rice,2026-03-10,8379.0
rice,2026-03-11,8142.0
rice,2026-03-12,8292.0
rice,2026-03-13,8173.0
rice,2026-03-14,8171.0
rice,2026-03-15,8219.0
rice,2026-03-16,8054.0
rice,2026-03-17,8172.0
rice,2026-03-18,8146.0
rice,2026-03-19,8168.0
rice,2026-03-20,8146.0
rice,2026-03-21,8329.0
rice,2026-03-22,8066.0
rice,2026-03-23,8077.0
rice,2026-03-24,8074.0
rice,2026-03-25,8086.0
rice,2026-03-26,8087.0
rice,2026-03-27,8253.0
rice,2026-03-28,8285.0
rice,2026-03-29,8130.0
rice,2026-03-30,8123.0
rice,2026-03-31,8252.0
rice,2026-04-01,8184.0
rice,2026-04-02,8305.0
rice,2026-04-03,8291.0
rice,2026-04-04,8169.0
rice,2026-04-05,8454.0
rice,2026-04-06,8501.0
rice,2026-04-07,8323.0
rice,2026-04-08,8370.0
rice,2026-04-09,8455.0
rice,2026-04-10,8488.0
rice,2026-04-11,8545.0
rice,2026-04-12,8690.0
rice,2026-04-13,8534.0
rice,2026-04-14,8511.0
rice,2026-04-15,8491.0
rice,2026-04-16,8576.0
rice,2026-04-17,8664.0
rice,2026-04-18,8848.0
rice,2026-04-19,8679.0
rice,2026-04-20,8769.0
rice,2026-04-21,8774.0
rice,2026-04-22,8901.0
rice,2026-04-23,9039.0
rice,2026-04-24,8801.0
rice,2026-04-25,8825.0
rice,2026-04-26,8975.0
rice,2026-04-27,8962.0
rice,2026-04-28,9077.0
rice,2026-04-29,8983.0
rice,2026-04-30,8915.0
rice,2026-05-01,9007.0
rice,2026-05-02,9059.0
rice,2026-05-03,9041.0
rice,2026-05-04,9018.0
rice,2026-05-05,9068.0
rice,2026-05-06,9077.0
rice,2026-05-07,9093.0
rice,2026-05-08,9027.0
rice,2026-05-09,8952.0
rice,2026-05-10,8970.0
rice,2026-05-11,9051.0
rice,2026-05-12,8867.0
rice,2026-05-13,8954.0
rice,2026-05-14,8873.0
rice,2026-05-15,8892.0
rice,2026-05-16,8979.0
rice,2026-05-17,8866.0
rice,2026-05-18,8832.0
rice,2026-05-19,8690.0
rice,2026-05-20,8844.0
rice,2026-05-21,8810.0
rice,2026-05-22,8913.0
rice,2026-05-23,8675.0
rice,2026-05-24,8692.0
rice,2026-05-25,8666.0
rice,2026-05-26,8750.0
rice,2026-05-27,8578.0
rice,2026-05-28,8581.0
rice,2026-05-29,8579.0
rice,2026-05-30,8514.0
rice,2026-05-31,8431.0
rice,2026-06-01,8457.0
rice,2026-06-02,8504.0
rice,2026-06-03,8298.0
rice,2026-06-04,8370.0
rice,2026-06-05,8274.0
rice,2026-06-06,8410.0
rice,2026-06-07,8156.0
rice,2026-06-08,8216.0
rice,2026-06-09,8275.0
rice,2026-06-10,8358.0
rice,2026-06-11,8202.0
rice,2026-06-12,8144.0
rice,2026-06-13,8338.0
rice,2026-06-14,8043.0
rice,2026-06-15,7969.0
rice,2026-06-16,8185.0
rice,2026-06-17,8099.0
rice,2026-06-18,8051.0
rice,2026-06-19,8196.0
rice,2026-06-20,8157.0
rice,2026-06-21,8091.0
rice,2026-06-22,8034.0
rice,2026-06-23,8223.0
rice,2026-06-24,8213.0
rice,2026-06-25,8160.0
rice,2026-06-26,8337.0
rice,2026-06-27,8103.0
rice,2026-06-28,8081.0
rice,2026-06-29,8169.0
rice,2026-06-30,8243.0
rice,2026-07-01,8289.0
rice,2026-07-02,8270.0
rice,2026-07-03,8344.0
rice,2026-07-04,8232.0
rice,2026-07-05,8487.0
rice,2026-07-06,8384.0
rice,2026-07-07,8514.0
rice,2026-07-08,8476.0
rice,2026-07-09,8515.0
rice,2026-07-10,8554.0
rice,2026-07-11,8573.0
rice,2026-07-12,8620.0
rice,2026-07-13,8708.0
rice,2026-07-14,8641.0
rice,2026-07-15,8714.0
rice,2026-07-16,8675.0
coffee,2025-07-17,68979.0
coffee,2025-07-18,67777.0
coffee,2025-07-19,69698.0
coffee,2025-07-20,68680.0
coffee,2025-07-21,67964.0
coffee,2025-07-22,69250.0
coffee,2025-07-23,68920.0
coffee,2025-07-24,70168.0
coffee,2025-07-25,69358.0
coffee,2025-07-26,69695.0
coffee,2025-07-27,68901.0
coffee,2025-07-28,70054.0
coffee,2025-07-29,68878.0
coffee,2025-07-30,69602.0
coffee,2025-07-31,71336.0
coffee,2025-08-01,71479.0
coffee,2025-08-02,71345.0
coffee,2025-08-03,70495.0
coffee,2025-08-04,71201.0
coffee,2025-08-05,71296.0
coffee,2025-08-06,70561.0
coffee,2025-08-07,72404.0
coffee,2025-08-08,71994.0
coffee,2025-08-09,71248.0
coffee,2025-08-10,71399.0
coffee,2025-08-11,71490.0
coffee,2025-08-12,69910.0
coffee,2025-08-13,71065.0
coffee,2025-08-14,70688.0
coffee,2025-08-15,70375.0
coffee,2025-08-16,70753.0
coffee,2025-08-17,72041.0
coffee,2025-08-18,71115.0
coffee,2025-08-19,70138.0
coffee,2025-08-20,70751.0
coffee,2025-08-21,71137.0
coffee,2025-08-22,70627.0
coffee,2025-08-23,69842.0
coffee,2025-08-24,69156.0
coffee,2025-08-25,69857.0
coffee,2025-08-26,69430.0
coffee,2025-08-27,69546.0
coffee,2025-08-28,69139.0
coffee,2025-08-29,69187.0
coffee,2025-08-30,67873.0
coffee,2025-08-31,68896.0
coffee,2025-09-01,67897.0
coffee,2025-09-02,68938.0
coffee,2025-09-03,66824.0
coffee,2025-09-04,68243.0
coffee,2025-09-05,66971.0
coffee,2025-09-06,66174.0
coffee,2025-09-07,66074.0
coffee,2025-09-08,65980.0
coffee,2025-09-09,66290.0
coffee,2025-09-10,66170.0
coffee,2025-09-11,65248.0
coffee,2025-09-12,65456.0
coffee,2025-09-13,66777.0
coffee,2025-09-14,66356.0
coffee,2025-09-15,65352.0
coffee,2025-09-16,64970.0
coffee,2025-09-17,64929.0
coffee,2025-09-18,65183.0
coffee,2025-09-19,64005.0
coffee,2025-09-20,64476.0
coffee,2025-09-21,63484.0
coffee,2025-09-22,64873.0
coffee,2025-09-23,65042.0
coffee,2025-09-24,64290.0
coffee,2025-09-25,65721.0
coffee,2025-09-26,63867.0
coffee,2025-09-27,63770.0
coffee,2025-09-28,65000.0
coffee,2025-09-29,65656.0
coffee,2025-09-30,66200.0
coffee,2025-10-01,64869.0
coffee,2025-10-02,66054.0
coffee,2025-10-03,65447.0
coffee,2025-10-04,65520.0
coffee,2025-10-05,66415.0
coffee,2025-10-06,66445.0
coffee,2025-10-07,65126.0
coffee,2025-10-08,67407.0
coffee,2025-10-09,67555.0
coffee,2025-10-10,66411.0
coffee,2025-10-11,67331.0
coffee,2025-10-12,67628.0
coffee,2025-10-13,67703.0
coffee,2025-10-14,67388.0
coffee,2025-10-15,67543.0
coffee,2025-10-16,68219.0
coffee,2025-10-17,69270.0
coffee,2025-10-18,69076.0
coffee,2025-10-19,68685.0
coffee,2025-10-20,69687.0
coffee,2025-10-21,67445.0
coffee,2025-10-22,70377.0
coffee,2025-10-23,68618.0
coffee,2025-10-24,69751.0
coffee,2025-10-25,69423.0
coffee,2025-10-26,69481.0
coffee,2025-10-27,71315.0
coffee,2025-10-28,70360.0
coffee,2025-10-29,71054.0
coffee,2025-10-30,70912.0
coffee,2025-10-31,71380.0
coffee,2025-11-01,71204.0
coffee,2025-11-02,70360.0
coffee,2025-11-03,71976.0
coffee,2025-11-04,71012.0
coffee,2025-11-05,70322.0
coffee,2025-11-06,71106.0
coffee,2025-11-07,72418.0
coffee,2025-11-08,71959.0
coffee,2025-11-09,71110.0
coffee,2025-11-10,71061.0
coffee,2025-11-11,71014.0
coffee,2025-11-12,72564.0
coffee,2025-11-13,71315.0
coffee,2025-11-14,71236.0
coffee,2025-11-15,71518.0
coffee,2025-11-16,70841.0
coffee,2025-11-17,70350.0
coffee,2025-11-18,70227.0
coffee,2025-11-19,70136.0
coffee,2025-11-20,69972.0
coffee,2025-11-21,70296.0
coffee,2025-11-22,69631.0
coffee,2025-11-23,69880.0
coffee,2025-11-24,69107.0
coffee,2025-11-25,68990.0
coffee,2025-11-26,67347.0
coffee,2025-11-27,69095.0
coffee,2025-11-28,68472.0
coffee,2025-11-29,68678.0
coffee,2025-11-30,65792.0
coffee,2025-12-01,68946.0
coffee,2025-12-02,67197.0
coffee,2025-12-03,67815.0
coffee,2025-12-04,66129.0
coffee,2025-12-05,67033.0
coffee,2025-12-06,65686.0
coffee,2025-12-07,65773.0
coffee,2025-12-08,67302.0
coffee,2025-12-09,65684.0
coffee,2025-12-10,65785.0
coffee,2025-12-11,66064.0
coffee,2025-12-12,65657.0
coffee,2025-12-13,65283.0
coffee,2025-12-14,65303.0
coffee,2025-12-15,66577.0
coffee,2025-12-16,64807.0
coffee,2025-12-17,64902.0
coffee,2025-12-18,65414.0
coffee,2025-12-19,65402.0
coffee,2025-12-20,65425.0
coffee,2025-12-21,65035.0
coffee,2025-12-22,63824.0
coffee,2025-12-23,65728.0
coffee,2025-12-24,63871.0
coffee,2025-12-25,64906.0
coffee,2025-12-26,64252.0
coffee,2025-12-27,64803.0
coffee,2025-12-28,65167.0
coffee,2025-12-29,65273.0
coffee,2025-12-30,65467.0
coffee,2025-12-31,66417.0
coffee,2026-01-01,65781.0
coffee,2026-01-02,65471.0
coffee,2026-01-03,66469.0
coffee,2026-01-04,66809.0
coffee,2026-01-05,65362.0
coffee,2026-01-06,66809.0
coffee,2026-01-07,67093.0
coffee,2026-01-08,66634.0
coffee,2026-01-09,67997.0
coffee,2026-01-10,67190.0
coffee,2026-01-11,67611.0
coffee,2026-01-12,67644.0
coffee,2026-01-13,68009.0
coffee,2026-01-14,67490.0
coffee,2026-01-15,67493.0
coffee,2026-01-16,69790.0
coffee,2026-01-17,68360.0
coffee,2026-01-18,68487.0
coffee,2026-01-19,67917.0
coffee,2026-01-20,69160.0
coffee,2026-01-21,68901.0
coffee,2026-01-22,71114.0
coffee,2026-01-23,70871.0
coffee,2026-01-24,69893.0
coffee,2026-01-25,72057.0
coffee,2026-01-26,71346.0
coffee,2026-01-27,70597.0
coffee,2026-01-28,69244.0
coffee,2026-01-29,72612.0
coffee,2026-01-30,70206.0
coffee,2026-01-31,70113.0
coffee,2026-02-01,71993.0
coffee,2026-02-02,73006.0
coffee,2026-02-03,72321.0
coffee,2026-02-04,71780.0
coffee,2026-02-05,71801.0
coffee,2026-02-06,71960.0
coffee,2026-02-07,71863.0
coffee,2026-02-08,71489.0
coffee,2026-02-09,71303.0
coffee,2026-02-10,71108.0
coffee,2026-02-11,70542.0
coffee,2026-02-12,70752.0
coffee,2026-02-13,69666.0
coffee,2026-02-14,70611.0
coffee,2026-02-15,69853.0
coffee,2026-02-16,69610.0
coffee,2026-02-17,70306.0
coffee,2026-02-18,70944.0
coffee,2026-02-19,70425.0
coffee,2026-02-20,68527.0
coffee,2026-02-21,68708.0
coffee,2026-02-22,69801.0
coffee,2026-02-23,68268.0
coffee,2026-02-24,68553.0
coffee,2026-02-25,68846.0
coffee,2026-02-26,67577.0
coffee,2026-02-27,68070.0
coffee,2026-02-28,66854.0
coffee,2026-03-01,67116.0
coffee,2026-03-02,67509.0
coffee,2026-03-03,65978.0
coffee,2026-03-04,67135.0
coffee,2026-03-05,66602.0
coffee,2026-03-06,66778.0
coffee,2026-03-07,66349.0
coffee,2026-03-08,66928.0
coffee,2026-03-09,65898.0
coffee,2026-03-10,65345.0
coffee,2026-03-11,65555.0
coffee,2026-03-12,65689.0
coffee,2026-03-13,65213.0
coffee,2026-03-14,65081.0
coffee,2026-03-15,64465.0
coffee,2026-03-16,64395.0
coffee,2026-03-17,63811.0
coffee,2026-03-18,65889.0
coffee,2026-03-19,63804.0
coffee,2026-03-20,64146.0
coffee,2026-03-21,64112.0
coffee,2026-03-22,65209.0
coffee,2026-03-23,64416.0
coffee,2026-03-24,65498.0
coffee,2026-03-25,64241.0
coffee,2026-03-26,64954.0
coffee,2026-03-27,64278.0
coffee,2026-03-28,66401.0
coffee,2026-03-29,64246.0
coffee,2026-03-30,65390.0
coffee,2026-03-31,65750.0
coffee,2026-04-01,65753.0
coffee,2026-04-02,65510.0
coffee,2026-04-03,65724.0
coffee,2026-04-04,66030.0
coffee,2026-04-05,66097.0
coffee,2026-04-06,67057.0
coffee,2026-04-07,68118.0
coffee,2026-04-08,66456.0
coffee,2026-04-09,66130.0
coffee,2026-04-10,67231.0
coffee,2026-04-11,69279.0
coffee,2026-04-12,67214.0
coffee,2026-04-13,69113.0
coffee,2026-04-14,69376.0
coffee,2026-04-15,68095.0
coffee,2026-04-16,69092.0
coffee,2026-04-17,70043.0
coffee,2026-04-18,68903.0
coffee,2026-04-19,69243.0
coffee,2026-04-20,69199.0
coffee,2026-04-21,69110.0
coffee,2026-04-22,69555.0
coffee,2026-04-23,69351.0
coffee,2026-04-24,70383.0
coffee,2026-04-25,70001.0
coffee,2026-04-26,70836.0
coffee,2026-04-27,69759.0
coffee,2026-04-28,71168.0
coffee,2026-04-29,71621.0
coffee,2026-04-30,69795.0
coffee,2026-05-01,71486.0
coffee,2026-05-02,72132.0
coffee,2026-05-03,70524.0
coffee,2026-05-04,72517.0
coffee,2026-05-05,71681.0
coffee,2026-05-06,70917.0
coffee,2026-05-07,71341.0
coffee,2026-05-08,71726.0
coffee,2026-05-09,71349.0
coffee,2026-05-10,71598.0
coffee,2026-05-11,70524.0
coffee,2026-05-12,71169.0
coffee,2026-05-13,69981.0
coffee,2026-05-14,70741.0
coffee,2026-05-15,70063.0
coffee,2026-05-16,70024.0
coffee,2026-05-17,71200.0
coffee,2026-05-18,70925.0
coffee,2026-05-19,70411.0
coffee,2026-05-20,69057.0
coffee,2026-05-21,69379.0
coffee,2026-05-22,70206.0
coffee,2026-05-23,69257.0
coffee,2026-05-24,70512.0
coffee,2026-05-25,68972.0
coffee,2026-05-26,68602.0
coffee,2026-05-27,68025.0
coffee,2026-05-28,68089.0
coffee,2026-05-29,67657.0
coffee,2026-05-30,68006.0
coffee,2026-05-31,67941.0
coffee,2026-06-01,66526.0
coffee,2026-06-02,65930.0
coffee,2026-06-03,65366.0
coffee,2026-06-04,66747.0
coffee,2026-06-05,65446.0
coffee,2026-06-06,64535.0
coffee,2026-06-07,66077.0
coffee,2026-06-08,67331.0
coffee,2026-06-09,65467.0
coffee,2026-06-10,65889.0
coffee,2026-06-11,65235.0
coffee,2026-06-12,64986.0
coffee,2026-06-13,65567.0
coffee,2026-06-14,64648.0
coffee,2026-06-15,64946.0
coffee,2026-06-16,64917.0
coffee,2026-06-17,64195.0
coffee,2026-06-18,65291.0
coffee,2026-06-19,64481.0
coffee,2026-06-20,64086.0
coffee,2026-06-21,64981.0
coffee,2026-06-22,64038.0
coffee,2026-06-23,64718.0
coffee,2026-06-24,64758.0
coffee,2026-06-25,65584.0
coffee,2026-06-26,65265.0
coffee,2026-06-27,65036.0
coffee,2026-06-28,65735.0
coffee,2026-06-29,66264.0
coffee,2026-06-30,65850.0
coffee,2026-07-01,65643.0
coffee,2026-07-02,64920.0
coffee,2026-07-03,65275.0
coffee,2026-07-04,65988.0
coffee,2026-07-05,65987.0
coffee,2026-07-06,66488.0
coffee,2026-07-07,66873.0
coffee,2026-07-08,67421.0
coffee,2026-07-09,67243.0
coffee,2026-07-10,67855.0
coffee,2026-07-11,67804.0
coffee,2026-07-12,66654.0
coffee,2026-07-13,67596.0
coffee,2026-07-14,68373.0
coffee,2026-07-15,67882.0
coffee,2026-07-16,69343.0
vegetable,2025-07-17,6092.0
vegetable,2025-07-18,6094.0
vegetable,2025-07-19,6029.0
vegetable,2025-07-20,6152.0
vegetable,2025-07-21,6092.0
vegetable,2025-07-22,6082.0
vegetable,2025-07-23,6085.0
vegetable,2025-07-24,6122.0
vegetable,2025-07-25,6135.0
vegetable,2025-07-26,6186.0
vegetable,2025-07-27,6202.0
vegetable,2025-07-28,6208.0
vegetable,2025-07-29,6249.0
vegetable,2025-07-30,6307.0
vegetable,2025-07-31,6305.0
vegetable,2025-08-01,6170.0
vegetable,2025-08-02,6116.0
vegetable,2025-08-03,6334.0
vegetable,2025-08-04,6203.0
vegetable,2025-08-05,6277.0
vegetable,2025-08-06,6225.0
vegetable,2025-08-07,6190.0
vegetable,2025-08-08,6332.0
vegetable,2025-08-09,6345.0
vegetable,2025-08-10,6263.0
vegetable,2025-08-11,6139.0
vegetable,2025-08-12,6258.0
vegetable,2025-08-13,6308.0
vegetable,2025-08-14,6189.0
vegetable,2025-08-15,6280.0
vegetable,2025-08-16,6258.0
vegetable,2025-08-17,6283.0
vegetable,2025-08-18,6243.0
vegetable,2025-08-19,6164.0
vegetable,2025-08-20,6279.0
vegetable,2025-08-21,6182.0
vegetable,2025-08-22,6174.0
vegetable,2025-08-23,6102.0
vegetable,2025-08-24,6113.0
vegetable,2025-08-25,6068.0
vegetable,2025-08-26,6091.0
vegetable,2025-08-27,6184.0
vegetable,2025-08-28,5979.0
vegetable,2025-08-29,5944.0
vegetable,2025-08-30,6108.0
vegetable,2025-08-31,5986.0
vegetable,2025-09-01,5938.0
vegetable,2025-09-02,6019.0
vegetable,2025-09-03,5900.0
vegetable,2025-09-04,6026.0
vegetable,2025-09-05,5937.0
vegetable,2025-09-06,5847.0
vegetable,2025-09-07,5987.0
vegetable,2025-09-08,5803.0
vegetable,2025-09-09,5867.0
vegetable,2025-09-10,5824.0
vegetable,2025-09-11,5868.0
vegetable,2025-09-12,5869.0
vegetable,2025-09-13,5764.0
vegetable,2025-09-14,5704.0
vegetable,2025-09-15,5766.0
vegetable,2025-09-16,5688.0
vegetable,2025-09-17,5841.0
vegetable,2025-09-18,5721.0
vegetable,2025-09-19,5685.0
vegetable,2025-09-20,5714.0
vegetable,2025-09-21,5619.0
vegetable,2025-09-22,5640.0
vegetable,2025-09-23,5770.0
vegetable,2025-09-24,5660.0
vegetable,2025-09-25,5640.0
vegetable,2025-09-26,5739.0
vegetable,2025-09-27,5784.0
vegetable,2025-09-28,5763.0
vegetable,2025-09-29,5788.0
vegetable,2025-09-30,5693.0
vegetable,2025-10-01,5664.0
vegetable,2025-10-02,5852.0
vegetable,2025-10-03,5756.0
vegetable,2025-10-04,5774.0
vegetable,2025-10-05,5885.0
vegetable,2025-10-06,5855.0
vegetable,2025-10-07,5866.0
vegetable,2025-10-08,5987.0
vegetable,2025-10-09,5837.0
vegetable,2025-10-10,5951.0
vegetable,2025-10-11,5918.0
vegetable,2025-10-12,5951.0
vegetable,2025-10-13,6048.0
vegetable,2025-10-14,6007.0
vegetable,2025-10-15,6030.0
vegetable,2025-10-16,6083.0
vegetable,2025-10-17,6017.0
vegetable,2025-10-18,6009.0
vegetable,2025-10-19,6017.0
vegetable,2025-10-20,5982.0
vegetable,2025-10-21,6243.0
vegetable,2025-10-22,6072.0
vegetable,2025-10-23,6143.0
vegetable,2025-10-24,6157.0
vegetable,2025-10-25,6209.0
vegetable,2025-10-26,6255.0
vegetable,2025-10-27,6272.0
vegetable,2025-10-28,6199.0
vegetable,2025-10-29,6236.0
vegetable,2025-10-30,6274.0
vegetable,2025-10-31,6252.0
vegetable,2025-11-01,6372.0
vegetable,2025-11-02,6312.0
vegetable,2025-11-03,6332.0
vegetable,2025-11-04,6332.0
vegetable,2025-11-05,6366.0
vegetable,2025-11-06,6308.0
vegetable,2025-11-07,6219.0
vegetable,2025-11-08,6319.0
vegetable,2025-11-09,6253.0
vegetable,2025-11-10,6256.0
vegetable,2025-11-11,6317.0
vegetable,2025-11-12,6349.0
vegetable,2025-11-13,6268.0
vegetable,2025-11-14,6275.0
vegetable,2025-11-15,6348.0
vegetable,2025-11-16,6247.0
vegetable,2025-11-17,6376.0
vegetable,2025-11-18,6239.0
vegetable,2025-11-19,6084.0
vegetable,2025-11-20,6218.0
vegetable,2025-11-21,6178.0
vegetable,2025-11-22,6215.0
vegetable,2025-11-23,6159.0
vegetable,2025-11-24,6091.0
vegetable,2025-11-25,6006.0
vegetable,2025-11-26,6046.0
vegetable,2025-11-27,5987.0
vegetable,2025-11-28,5982.0
vegetable,2025-11-29,6032.0
vegetable,2025-11-30,6076.0
vegetable,2025-12-01,5978.0
vegetable,2025-12-02,5862.0
vegetable,2025-12-03,5940.0
vegetable,2025-12-04,5965.0
vegetable,2025-12-05,5837.0
vegetable,2025-12-06,5847.0
vegetable,2025-12-07,5838.0
vegetable,2025-12-08,5773.0
vegetable,2025-12-09,5842.0
vegetable,2025-12-10,5780.0
vegetable,2025-12-11,5798.0
vegetable,2025-12-12,5706.0
vegetable,2025-12-13,5721.0
vegetable,2025-12-14,5779.0
vegetable,2025-12-15,5704.0
vegetable,2025-12-16,5821.0
vegetable,2025-12-17,5686.0
vegetable,2025-12-18,5718.0
vegetable,2025-12-19,5756.0
vegetable,2025-12-20,5612.0
vegetable,2025-12-21,5590.0
vegetable,2025-12-22,5604.0
vegetable,2025-12-23,5773.0
vegetable,2025-12-24,5667.0
vegetable,2025-12-25,5858.0
vegetable,2025-12-26,5676.0
vegetable,2025-12-27,5728.0
vegetable,2025-12-28,5818.0
vegetable,2025-12-29,5856.0
vegetable,2025-12-30,5870.0
vegetable,2025-12-31,5831.0
vegetable,2026-01-01,5834.0
vegetable,2026-01-02,5822.0
vegetable,2026-01-03,5849.0
vegetable,2026-01-04,5786.0
vegetable,2026-01-05,5787.0
vegetable,2026-01-06,5854.0
vegetable,2026-01-07,5863.0
vegetable,2026-01-08,5865.0
vegetable,2026-01-09,5954.0
vegetable,2026-01-10,5990.0
vegetable,2026-01-11,5959.0
vegetable,2026-01-12,6063.0
vegetable,2026-01-13,5927.0
vegetable,2026-01-14,6004.0
vegetable,2026-01-15,5994.0
vegetable,2026-01-16,5945.0
vegetable,2026-01-17,6073.0
vegetable,2026-01-18,6090.0
vegetable,2026-01-19,6208.0
vegetable,2026-01-20,6174.0
vegetable,2026-01-21,6092.0
vegetable,2026-01-22,6282.0
vegetable,2026-01-23,6261.0
vegetable,2026-01-24,6238.0
vegetable,2026-01-25,6204.0
vegetable,2026-01-26,6174.0
vegetable,2026-01-27,6221.0
vegetable,2026-01-28,6320.0
vegetable,2026-01-29,6377.0
vegetable,2026-01-30,6365.0
vegetable,2026-01-31,6251.0
vegetable,2026-02-01,6218.0
vegetable,2026-02-02,6298.0
vegetable,2026-02-03,6187.0
vegetable,2026-02-04,6314.0
vegetable,2026-02-05,6285.0
vegetable,2026-02-06,6265.0
vegetable,2026-02-07,6194.0
vegetable,2026-02-08,6316.0
vegetable,2026-02-09,6248.0
vegetable,2026-02-10,6202.0
vegetable,2026-02-11,6092.0
vegetable,2026-02-12,6252.0
vegetable,2026-02-13,6349.0
vegetable,2026-02-14,6330.0
vegetable,2026-02-15,6190.0
vegetable,2026-02-16,6166.0
vegetable,2026-02-17,6215.0
vegetable,2026-02-18,6110.0
vegetable,2026-02-19,6171.0
vegetable,2026-02-20,6181.0
vegetable,2026-02-21,6190.0
vegetable,2026-02-22,6091.0
vegetable,2026-02-23,6064.0
vegetable,2026-02-24,6004.0
vegetable,2026-02-25,5986.0
vegetable,2026-02-26,6001.0
vegetable,2026-02-27,6016.0
vegetable,2026-02-28,6028.0
vegetable,2026-03-01,5904.0
vegetable,2026-03-02,6021.0
vegetable,2026-03-03,5895.0
vegetable,2026-03-04,5890.0
vegetable,2026-03-05,5827.0
vegetable,2026-03-06,5707.0
vegetable,2026-03-07,5888.0
vegetable,2026-03-08,5861.0
vegetable,2026-03-09,5784.0
vegetable,2026-03-10,5789.0
vegetable,2026-03-11,5801.0
vegetable,2026-03-12,5663.0
vegetable,2026-03-13,5713.0
vegetable,2026-03-14,5781.0
vegetable,2026-03-15,5648.0
vegetable,2026-03-16,5733.0
vegetable,2026-03-17,5627.0
vegetable,2026-03-18,5730.0
vegetable,2026-03-19,5696.0
vegetable,2026-03-20,5598.0
vegetable,2026-03-21,5763.0
vegetable,2026-03-22,5649.0
vegetable,2026-03-23,5646.0
vegetable,2026-03-24,5710.0
vegetable,2026-03-25,5771.0
vegetable,2026-03-26,5647.0
vegetable,2026-03-27,5719.0
vegetable,2026-03-28,5749.0
vegetable,2026-03-29,5775.0
vegetable,2026-03-30,5755.0
vegetable,2026-03-31,5734.0
vegetable,2026-04-01,5720.0
vegetable,2026-04-02,5790.0
vegetable,2026-04-03,5736.0
vegetable,2026-04-04,5641.0
vegetable,2026-04-05,5860.0
vegetable,2026-04-06,5906.0
vegetable,2026-04-07,5729.0
vegetable,2026-04-08,5829.0
vegetable,2026-04-09,5947.0
vegetable,2026-04-10,6054.0
vegetable,2026-04-11,5952.0
vegetable,2026-04-12,5928.0
vegetable,2026-04-13,5982.0
vegetable,2026-04-14,6096.0
vegetable,2026-04-15,5995.0
vegetable,2026-04-16,6007.0
vegetable,2026-04-17,6046.0
vegetable,2026-04-18,6038.0
vegetable,2026-04-19,6122.0
vegetable,2026-04-20,6231.0
vegetable,2026-04-21,6171.0
vegetable,2026-04-22,6153.0
vegetable,2026-04-23,6168.0
vegetable,2026-04-24,6107.0
vegetable,2026-04-25,6268.0
vegetable,2026-04-26,6224.0
vegetable,2026-04-27,6230.0
vegetable,2026-04-28,6444.0
vegetable,2026-04-29,6280.0
vegetable,2026-04-30,6225.0
vegetable,2026-05-01,6252.0
vegetable,2026-05-02,6352.0
vegetable,2026-05-03,6294.0
vegetable,2026-05-04,6204.0
vegetable,2026-05-05,6347.0
vegetable,2026-05-06,6252.0
vegetable,2026-05-07,6403.0
vegetable,2026-05-08,6352.0
vegetable,2026-05-09,6256.0
vegetable,2026-05-10,6354.0
vegetable,2026-05-11,6274.0
vegetable,2026-05-12,6313.0
vegetable,2026-05-13,6281.0
vegetable,2026-05-14,6190.0
vegetable,2026-05-15,6189.0
vegetable,2026-05-16,6276.0
vegetable,2026-05-17,6180.0
vegetable,2026-05-18,6160.0
vegetable,2026-05-19,6111.0
vegetable,2026-05-20,6176.0
vegetable,2026-05-21,6256.0
vegetable,2026-05-22,6049.0
vegetable,2026-05-23,6095.0
vegetable,2026-05-24,6159.0
vegetable,2026-05-25,6049.0
vegetable,2026-05-26,6060.0
vegetable,2026-05-27,5949.0
vegetable,2026-05-28,6017.0
vegetable,2026-05-29,5959.0
vegetable,2026-05-30,6009.0
vegetable,2026-05-31,6000.0
vegetable,2026-06-01,6064.0
vegetable,2026-06-02,5923.0
vegetable,2026-06-03,5889.0
vegetable,2026-06-04,5862.0
vegetable,2026-06-05,5811.0
vegetable,2026-06-06,5835.0
vegetable,2026-06-07,5780.0
vegetable,2026-06-08,5793.0
vegetable,2026-06-09,5847.0
vegetable,2026-06-10,5694.0
vegetable,2026-06-11,5811.0
vegetable,2026-06-12,5810.0
vegetable,2026-06-13,5714.0
vegetable,2026-06-14,5585.0
vegetable,2026-06-15,5669.0
vegetable,2026-06-16,5778.0
vegetable,2026-06-17,5694.0
vegetable,2026-06-18,5632.0
vegetable,2026-06-19,5661.0
vegetable,2026-06-20,5741.0
vegetable,2026-06-21,5725.0
vegetable,2026-06-22,5681.0
vegetable,2026-06-23,5677.0
vegetable,2026-06-24,5682.0
vegetable,2026-06-25,5657.0
vegetable,2026-06-26,5818.0
vegetable,2026-06-27,5711.0
vegetable,2026-06-28,5815.0
vegetable,2026-06-29,5845.0
vegetable,2026-06-30,5827.0
vegetable,2026-07-01,5756.0
vegetable,2026-07-02,5822.0
vegetable,2026-07-03,5813.0
vegetable,2026-07-04,5777.0
vegetable,2026-07-05,5869.0
vegetable,2026-07-06,5797.0
vegetable,2026-07-07,5959.0
vegetable,2026-07-08,5880.0
vegetable,2026-07-09,5940.0
vegetable,2026-07-10,5965.0
vegetable,2026-07-11,5954.0
vegetable,2026-07-12,6025.0
vegetable,2026-07-13,5982.0
vegetable,2026-07-14,6084.0
vegetable,2026-07-15,5972.0
vegetable,2026-07-16,6080.0
